Android_5.181_huawei.fish3d-release-10258.apk,9EQUT20901009876,Success
Android_5.181_huawei.fish3dads-release-10258.apk,GMG0220A15006450,Fail
Android_5.181_huawei.fish3dads2-release-10258.apk,9EQUT20901009876,Success
Android_5.181_huawei.fish3dads1-release-10258.apk,9EQUT20901009876,Fail
Android_5.181_huawei.fish3dads4-release-10258.apk,GMG0220A15006450,Fail
Android_5.181_huawei.fish3dads3-release-10258.apk,GMG0220A15006450,Fail
Android_5.181_huawei.fish3dads6-release-10258.apk,9EQUT20901009876,Success
Android_5.181_huawei.fish3dads5-release-10258.apk,9EQUT20901009876,Success
Android_5.181_huawei.fish3dads11-release-10258.apk,GMG0220A15006450,Success
Android_5.181_huawei.fish3dads13-release-10258.apk,GMG0220A15006450,Success
Android_5.181_huawei.fish3dads16-release-10258.apk,GMG0220A15006450,Fail
Android_5.181_huawei.fish3dads15-release-10258.apk,GMG0220A15006450,Fail
Android_5.181_huawei.fish3dads18-release-10258.apk,GMG0220A15006450,Success
Android_5.181_huawei.fish3dads17-release-10258.apk,GMG0220A15006450,Fail
Android_5.181_huawei.fish3dads19-release-10258.apk,9EQUT20901009876,Fail
Android_5.181_huawei.fish3dads20-release-10258.apk,9EQUT20901009876,Success
Android_5.181_huawei.fish3dads21-release-10258.apk,GMG0220A15006450,Fail
Android_5.181_huawei.fish3dads23-release-10258.apk,GMG0220A15006450,Fail
Android_5.181_huawei.fish3dads24-release-10258.apk,9EQUT20901009876,Fail
Android_5.181_huawei.fish3dads25-release-10258.apk,9EQUT20901009876,Success
Android_5.181_huawei.fish3dads26-release-10258.apk,GMG0220A15006450,Fail
Android_5.181_huawei.fish3dads27-release-10258.apk,GMG0220A15006450,Fail
Android_5.181_huawei.fish3dads29-release-10258.apk,9EQUT20901009876,Fail
Android_5.181_huawei.fish3dads30-release-10258.apk,9EQUT20901009876,Success
Android_5.181_huawei.fish3dads32-release-10258.apk,9EQUT20901009876,Fail
Android_5.181_huawei.fish3dads31-release-10258.apk,9EQUT20901009876,Fail
Android_5.181_huawei.fish3dads35-release-10258.apk,GMG0220A15006450,Success
Android_5.181_huawei.fish3dads38-release-10258.apk,GMG0220A15006450,Success
Android_5.181_huawei.fish3dads37-release-10258.apk,9EQUT20901009876,Success
Android_5.181_huawei.fish3dads39-release-10258.apk,9EQUT20901009876,Fail
Android_5.181_huawei.fish3dads40-release-10258.apk,GMG0220A15006450,Fail
Android_5.181_huawei.fish3dads41-release-10258.apk,GMG0220A15006450,Success
Android_5.181_huawei.fish3dads42-release-10258.apk,9EQUT20901009876,Fail
Android_5.181_huawei.fish3dads45-release-10258.apk,9EQUT20901009876,Fail
Android_5.181_huawei.fish3dads48-release-10258.apk,GMG0220A15006450,Fail
Android_5.181_huawei.fish3dads47-release-10258.apk,GMG0220A15006450,Success
Android_5.181_huawei.fish3dads49-release-10258.apk,GMG0220A15006450,Success
Android_5.181_huawei.fish3dads50-release-10258.apk,GMG0220A15006450,Success
Android_5.181_huawei.fish3dads51-release-10258.apk,9EQUT20901009876,Fail
Android_5.181_huawei.fish3dads54-release-10258.apk,9EQUT20901009876,Fail
Android_5.181_huawei.fish3dads53-release-10258.apk,GMG0220A15006450,Success
Android_5.181_huawei.fish3dads56-release-10258.apk,GMG0220A15006450,Fail
Android_5.181_huawei.fish3dads55-release-10258.apk,9EQUT20901009876,Fail
Android_5.181_huawei.fish3dads58-release-10258.apk,9EQUT20901009876,Fail
Android_5.181_huawei.fish3dads57-release-10258.apk,GMG0220A15006450,Fail
Android_5.181_huawei.fish3dads61-release-10258.apk,GMG0220A15006450,Success
Android_5.181_huawei.fish3dads60-release-10258.apk,GMG0220A15006450,Fail
Android_5.181_huawei.fish3dads67-release-10258.apk,GMG0220A15006450,Success
Android_5.181_huawei.fish3dads66-release-10258.apk,9EQUT20901009876,Fail
Android_5.181_huawei.fish3dads68-release-10258.apk,9EQUT20901009876,Fail
Android_5.181_huawei.fish3dads69-release-10258.apk,GMG0220A15006450,Success
Android_5.181_huawei.fish3dads72-release-10258.apk,GMG0220A15006450,Success
Android_5.181_huawei.fish3dads73-release-10258.apk,9EQUT20901009876,Success
Android_5.181_huawei.fish3dads74-release-10258.apk,9EQUT20901009876,Success
Android_5.181_huawei.fish3dads77-release-10258.apk,9EQUT20901009876,Fail
Android_5.181_huawei.fish3dads79-release-10258.apk,9EQUT20901009876,Fail
Android_5.181_huawei.fish3dads80-release-10258.apk,GMG0220A15006450,Fail
,GMG0220A15006450,Success
